asset,prediction_timestamp,logged_at,probability,prediction,range_median,data_age_days,stale,realized_range,realized_label,correct
RELIANCE,2026-09-25 09:45:00+00:00,2026-09-27 16:08:52.340751+00:00,0.249938,0,0.0050125313283208,2.27,False,,,
TCS,2026-09-25 09:45:00+00:00,2026-09-27 16:08:52.340751+00:00,0.368408,0,0.0050316005728899,2.27,False,,,
HDFCBANK,2026-09-23 09:45:00+00:00,2026-09-27 16:08:52.340751+00:00,0.3494,0,0.0046518184381166,4.27,False,,,
INFY,2026-09-23 09:45:00+00:00,2026-09-27 16:08:52.340751+00:00,0.317644,0,0.0054893173984653,4.27,False,,,
ICICIBANK,2026-09-23 09:45:00+00:00,2026-09-27 16:08:52.340751+00:00,0.238977,0,0.0048933000406439,4.27,False,,,
RELIANCE,2026-09-28 04:30:00+00:00,2026-09-28T04:47:03.736326+00:00,0.405536,0,0.0050125313283208,0.01,False,0.0035519577069221,0.0,1.0
TCS,2026-09-28 04:30:00+00:00,2026-09-28T04:47:03.736326+00:00,0.858678,1,0.0050316005728899,0.01,False,0.0058224163027656,1.0,1.0
HDFCBANK,2026-09-28 04:30:00+00:00,2026-09-28T04:47:03.736326+00:00,0.619532,1,0.0046518184381166,0.01,False,0.0048416101812145,1.0,1.0
INFY,2026-09-28 04:30:00+00:00,2026-09-28T04:47:03.736326+00:00,0.564422,1,0.0054893173984653,0.01,False,0.0068548387096773,1.0,1.0
ICICIBANK,2026-09-28 04:30:00+00:00,2026-09-28T04:47:03.736326+00:00,0.555771,1,0.0048933000406439,0.01,False,0.0046800675157282,0.0,0.0
RELIANCE,2026-09-28 04:45:00+00:00,2026-09-28T05:02:09.379644+00:00,0.386307,0,0.0050125313283208,0.01,False,0.004381251549971,0.0,1.0
TCS,2026-09-28 04:45:00+00:00,2026-09-28T05:02:09.379644+00:00,0.870572,1,0.0050316005728899,0.01,False,0.0058266569555717,1.0,1.0
HDFCBANK,2026-09-28 04:45:00+00:00,2026-09-28T05:02:09.379644+00:00,0.594133,1,0.0046518184381166,0.01,False,0.0048429500484295,1.0,1.0
INFY,2026-09-28 04:45:00+00:00,2026-09-28T05:02:09.379644+00:00,0.60714,1,0.0054893173984653,0.01,False,0.0069521410579344,1.0,1.0
ICICIBANK,2026-09-28 04:45:00+00:00,2026-09-28T05:02:09.379644+00:00,0.82356,1,0.0048933000406439,0.01,False,0.0033695818655231,0.0,0.0
RELIANCE,2026-09-28 05:00:00+00:00,2026-09-28T05:17:10.970505+00:00,0.470519,0,0.0050125313283208,0.01,False,0.0033126293995859,0.0,1.0
TCS,2026-09-28 05:00:00+00:00,2026-09-28T05:17:10.970505+00:00,0.852675,1,0.0050316005728899,0.01,False,0.0050116776956014,0.0,0.0
HDFCBANK,2026-09-28 05:00:00+00:00,2026-09-28T05:17:10.970505+00:00,0.439049,0,0.0046518184381166,0.01,False,0.0037393532303857,0.0,1.0
INFY,2026-09-28 05:00:00+00:00,2026-09-28T05:17:10.970505+00:00,0.71989,1,0.0054893173984653,0.01,False,0.0066781341697865,1.0,1.0
ICICIBANK,2026-09-28 05:00:00+00:00,2026-09-28T05:17:10.970505+00:00,0.659515,1,0.0048933000406439,0.01,False,0.0049850448654037,1.0,1.0
RELIANCE,2026-09-28 05:15:00+00:00,2026-09-28T05:32:12.508498+00:00,0.285269,0,0.0050125313283208,0.01,False,0.0033090668431502,0.0,1.0
TCS,2026-09-28 05:15:00+00:00,2026-09-28T05:32:12.508498+00:00,0.741967,1,0.0050316005728899,0.01,False,0.0061590688651793,1.0,1.0
HDFCBANK,2026-09-28 05:15:00+00:00,2026-09-28T05:32:12.508498+00:00,0.459922,0,0.0046518184381166,0.01,False,0.0046443920698738,0.0,1.0
INFY,2026-09-28 05:15:00+00:00,2026-09-28T05:32:12.508498+00:00,0.483483,0,0.0054893173984653,0.01,False,0.0050454086781029,0.0,1.0
ICICIBANK,2026-09-28 05:15:00+00:00,2026-09-28T05:32:12.508498+00:00,0.53341,1,0.0048933000406439,0.01,False,0.0052107279693487,1.0,1.0
RELIANCE,2026-09-28 05:30:00+00:00,2026-09-28T05:47:14.191739+00:00,0.26651,0,0.0050125313283208,0.01,False,0.0033126293995859,0.0,1.0
TCS,2026-09-28 05:30:00+00:00,2026-09-28T05:47:14.191739+00:00,0.55709,1,0.0050316005728899,0.01,False,0.0097205346294046,1.0,1.0
HDFCBANK,2026-09-28 05:30:00+00:00,2026-09-28T05:47:14.191739+00:00,0.364072,0,0.0046518184381166,0.01,False,0.0046521316483822,1.0,0.0
INFY,2026-09-28 05:30:00+00:00,2026-09-28T05:47:14.191739+00:00,0.410588,0,0.0054893173984653,0.01,False,0.0109945531571514,1.0,0.0
ICICIBANK,2026-09-28 05:30:00+00:00,2026-09-28T05:47:14.191739+00:00,0.364562,0,0.0048933000406439,0.01,False,0.0052159239088748,1.0,0.0
RELIANCE,2026-09-28 05:45:00+00:00,2026-09-28T06:02:16.777864+00:00,0.307285,0,0.0050125313283208,0.01,False,0.0028141036252276,0.0,1.0
TCS,2026-09-28 05:45:00+00:00,2026-09-28T06:02:16.777864+00:00,0.55956,1,0.0050316005728899,0.01,False,0.0096616012040588,1.0,1.0
HDFCBANK,2026-09-28 05:45:00+00:00,2026-09-28T06:02:16.777864+00:00,0.375984,0,0.0046518184381166,0.01,False,0.0039517470881863,0.0,1.0
INFY,2026-09-28 05:45:00+00:00,2026-09-28T06:02:16.777864+00:00,0.513163,1,0.0054893173984653,0.01,False,0.0089627391742195,1.0,1.0
ICICIBANK,2026-09-28 05:45:00+00:00,2026-09-28T06:02:16.777864+00:00,0.37617,0,0.0048933000406439,0.01,False,0.0052115266707542,1.0,0.0
RELIANCE,2026-09-28 06:00:00+00:00,2026-09-28T06:17:19.252068+00:00,0.261989,0,0.0050125313283208,0.01,False,0.0027311098237192,0.0,1.0
TCS,2026-09-28 06:00:00+00:00,2026-09-28T06:17:19.252068+00:00,0.562219,1,0.0050316005728899,0.01,False,0.0075096899224806,1.0,1.0
HDFCBANK,2026-09-28 06:00:00+00:00,2026-09-28T06:17:19.252068+00:00,0.45607,0,0.0046518184381166,0.01,False,0.003598117907556,0.0,1.0
INFY,2026-09-28 06:00:00+00:00,2026-09-28T06:17:19.252068+00:00,0.37078,0,0.0054893173984653,0.01,False,0.0089573268921094,1.0,0.0
ICICIBANK,2026-09-28 06:00:00+00:00,2026-09-28T06:17:19.252068+00:00,0.450411,0,0.0048933000406439,0.01,False,0.0052003670847355,1.0,0.0
RELIANCE,2026-09-28 06:15:00+00:00,2026-09-28T06:32:21.495313+00:00,0.30988,0,0.0050125313283208,0.01,False,0.0029002320185614,0.0,1.0
TCS,2026-09-28 06:15:00+00:00,2026-09-28T06:32:21.495313+00:00,0.453482,0,0.0050316005728899,0.01,False,0.007693796574083,1.0,0.0
HDFCBANK,2026-09-28 06:15:00+00:00,2026-09-28T06:32:21.495313+00:00,0.529928,1,0.0046518184381166,0.01,False,0.0037422037422038,0.0,0.0
INFY,2026-09-28 06:15:00+00:00,2026-09-28T06:32:21.495313+00:00,0.37007,0,0.0054893173984653,0.01,False,0.0078407720144752,1.0,0.0
ICICIBANK,2026-09-28 06:15:00+00:00,2026-09-28T06:32:21.495313+00:00,0.345898,0,0.0048933000406439,0.01,False,0.0045117381662461,0.0,1.0
RELIANCE,2026-09-28 06:30:00+00:00,2026-09-28T06:47:25.352298+00:00,0.296856,0,0.0050125313283208,0.01,False,0.0033934779010098,0.0,1.0
TCS,2026-09-28 06:30:00+00:00,2026-09-28T06:47:25.352298+00:00,0.59738,1,0.0050316005728899,0.01,False,0.0061210719105455,1.0,1.0
HDFCBANK,2026-09-28 06:30:00+00:00,2026-09-28T06:47:25.352298+00:00,0.402956,0,0.0046518184381166,0.01,False,0.0041545492314083,0.0,1.0
INFY,2026-09-28 06:30:00+00:00,2026-09-28T06:47:25.352298+00:00,0.63379,1,0.0054893173984653,0.01,False,0.005100510051005,0.0,0.0
ICICIBANK,2026-09-28 06:30:00+00:00,2026-09-28T06:47:25.352298+00:00,0.438025,0,0.0048933000406439,0.01,False,0.0036815462494248,0.0,1.0
RELIANCE,2026-09-28 06:45:00+00:00,2026-09-28T07:02:28.647146+00:00,0.231687,0,0.0050125313283208,0.01,False,0.0048013245033112,0.0,1.0
TCS,2026-09-28 06:45:00+00:00,2026-09-28T07:02:28.647146+00:00,0.55916,1,0.0050316005728899,0.01,False,0.0093350014435569,1.0,1.0
HDFCBANK,2026-09-28 06:45:00+00:00,2026-09-28T07:02:28.647146+00:00,0.453663,0,0.0046518184381166,0.01,False,0.0040124524386025,0.0,1.0
INFY,2026-09-28 06:45:00+00:00,2026-09-28T07:02:28.647146+00:00,0.438933,0,0.0054893173984653,0.01,False,0.0076930762313917,1.0,0.0
ICICIBANK,2026-09-28 06:45:00+00:00,2026-09-28T07:02:28.647146+00:00,0.381922,0,0.0048933000406439,0.01,False,0.0028363357608279,0.0,1.0
RELIANCE,2026-09-28 07:00:00+00:00,2026-09-28T07:17:32.327461+00:00,0.205078,0,0.0050125313283208,0.01,False,0.0047185430463574,0.0,1.0
TCS,2026-09-28 07:00:00+00:00,2026-09-28T07:17:32.327461+00:00,0.517164,1,0.0050316005728899,0.01,False,0.0077060155083562,1.0,1.0
HDFCBANK,2026-09-28 07:00:00+00:00,2026-09-28T07:17:32.327461+00:00,0.432846,0,0.0046518184381166,0.01,False,0.0046431046431046,0.0,1.0
INFY,2026-09-28 07:00:00+00:00,2026-09-28T07:17:32.327461+00:00,0.330236,0,0.0054893173984653,0.01,False,0.0091,1.0,0.0
ICICIBANK,2026-09-28 07:00:00+00:00,2026-09-28T07:17:32.327461+00:00,0.363518,0,0.0048933000406439,0.01,False,0.0026834317258299,0.0,1.0
RELIANCE,2026-09-28 07:15:00+00:00,2026-09-28T07:32:35.904182+00:00,0.28677,0,0.0050125313283208,0.01,False,0.0029858173675044,0.0,1.0
TCS,2026-09-28 07:15:00+00:00,2026-09-28T07:32:35.904182+00:00,0.515281,1,0.0050316005728899,0.01,False,0.0062950504565114,1.0,1.0
HDFCBANK,2026-09-28 07:15:00+00:00,2026-09-28T07:32:35.904182+00:00,0.434244,0,0.0046518184381166,0.01,False,0.0040235865417967,0.0,1.0
INFY,2026-09-28 07:15:00+00:00,2026-09-28T07:32:35.904182+00:00,0.38374,0,0.0054893173984653,0.01,False,0.0073837557373777,1.0,0.0
ICICIBANK,2026-09-28 07:15:00+00:00,2026-09-28T07:32:35.904182+00:00,0.344346,0,0.0048933000406439,0.01,False,0.0031393568147013,0.0,1.0
RELIANCE,2026-09-28 07:30:00+00:00,2026-09-28T07:47:39.324023+00:00,0.211456,0,0.0050125313283208,0.01,False,0.0030700298705609,0.0,1.0
TCS,2026-09-28 07:30:00+00:00,2026-09-28T07:47:39.324023+00:00,0.487687,0,0.0050316005728899,0.01,False,0.0062914225338585,1.0,0.0
HDFCBANK,2026-09-28 07:30:00+00:00,2026-09-28T07:47:39.324023+00:00,0.318799,0,0.0046518184381166,0.01,False,0.0040263797292606,0.0,1.0
INFY,2026-09-28 07:30:00+00:00,2026-09-28T07:47:39.324023+00:00,0.369379,0,0.0054893173984653,0.01,False,0.0069825436408977,1.0,0.0
ICICIBANK,2026-09-28 07:30:00+00:00,2026-09-28T07:47:39.324023+00:00,0.36041,0,0.0048933000406439,0.01,False,0.0031434485931151,0.0,1.0
RELIANCE,2026-09-28 08:45:00+00:00,2026-09-28T09:12:12.278641+00:00,0.298338,0,0.0050125313283208,0.02,False,0.0034189459639759,0.0,1.0
TCS,2026-09-28 08:45:00+00:00,2026-09-28T09:12:12.278641+00:00,0.495736,0,0.0050316005728899,0.02,False,0.0042870905587669,0.0,1.0
HDFCBANK,2026-09-28 08:45:00+00:00,2026-09-28T09:12:12.278641+00:00,0.395086,0,0.0046518184381166,0.02,False,0.004096653242605,0.0,1.0
INFY,2026-09-28 08:45:00+00:00,2026-09-28T09:12:12.278641+00:00,0.541989,1,0.0054893173984653,0.02,False,0.0059790732436472,1.0,1.0
ICICIBANK,2026-09-28 08:45:00+00:00,2026-09-28T09:12:12.278641+00:00,0.325231,0,0.0048933000406439,0.02,False,0.0036045709026766,0.0,1.0
RELIANCE,2026-09-28 09:00:00+00:00,2026-09-28T09:27:15.494942+00:00,0.24679,0,0.0050125313283208,0.02,False,,,
TCS,2026-09-28 09:00:00+00:00,2026-09-28T09:27:15.494942+00:00,0.457272,0,0.0050316005728899,0.02,False,,,
HDFCBANK,2026-09-28 09:00:00+00:00,2026-09-28T09:27:15.494942+00:00,0.413077,0,0.0046518184381166,0.02,False,,,
INFY,2026-09-28 09:00:00+00:00,2026-09-28T09:27:15.494942+00:00,0.521008,1,0.0054893173984653,0.02,False,,,
ICICIBANK,2026-09-28 09:00:00+00:00,2026-09-28T09:27:15.494942+00:00,0.420596,0,0.0048933000406439,0.02,False,,,
RELIANCE,2026-09-28 09:15:00+00:00,2026-09-28T09:42:17.706528+00:00,0.327593,0,0.0050125313283208,0.02,False,,,
TCS,2026-09-28 09:15:00+00:00,2026-09-28T09:42:17.706528+00:00,0.464223,0,0.0050316005728899,0.02,False,,,
HDFCBANK,2026-09-28 09:15:00+00:00,2026-09-28T09:42:17.706528+00:00,0.495607,0,0.0046518184381166,0.02,False,,,
INFY,2026-09-28 09:15:00+00:00,2026-09-28T09:42:17.706528+00:00,0.625429,1,0.0054893173984653,0.02,False,,,
ICICIBANK,2026-09-28 09:15:00+00:00,2026-09-28T09:42:17.706528+00:00,0.355757,0,0.0048933000406439,0.02,False,,,
RELIANCE,2026-09-28 09:30:00+00:00,2026-09-28T09:57:19.895890+00:00,0.349996,0,0.0050125313283208,0.02,False,,,
TCS,2026-09-28 09:30:00+00:00,2026-09-28T09:57:19.895890+00:00,0.469241,0,0.0050316005728899,0.02,False,,,
HDFCBANK,2026-09-28 09:30:00+00:00,2026-09-28T09:57:19.895890+00:00,0.542945,1,0.0046518184381166,0.02,False,,,
INFY,2026-09-28 09:30:00+00:00,2026-09-28T09:57:19.895890+00:00,0.706598,1,0.0054893173984653,0.02,False,,,
ICICIBANK,2026-09-28 09:30:00+00:00,2026-09-28T09:57:19.895890+00:00,0.332389,0,0.0048933000406439,0.02,False,,,
RELIANCE,2026-09-29 05:00:00+00:00,2026-09-29T05:28:40.910258+00:00,0.646204,1,0.0050125313283208,0.02,False,0.0074852817493692,1.0,1.0
TCS,2026-09-29 05:00:00+00:00,2026-09-29T05:28:40.910258+00:00,0.422035,0,0.0050316005728899,0.02,False,0.010672514619883,1.0,0.0
HDFCBANK,2026-09-29 05:00:00+00:00,2026-09-29T05:28:40.910258+00:00,0.827163,1,0.0046518184381166,0.02,False,0.0065423848047836,1.0,1.0
INFY,2026-09-29 05:00:00+00:00,2026-09-29T05:28:40.910258+00:00,0.575079,1,0.0054893173984653,0.02,False,0.004855351001416,0.0,0.0
ICICIBANK,2026-09-29 05:00:00+00:00,2026-09-29T05:28:40.910258+00:00,0.432829,0,0.0048933000406439,0.02,False,0.0087732799753731,1.0,0.0
RELIANCE,2026-09-29 05:45:00+00:00,2026-09-29T06:13:32.774940+00:00,0.687039,1,0.0050125313283208,0.02,False,0.0035175879396985,0.0,0.0
TCS,2026-09-29 05:45:00+00:00,2026-09-29T06:13:32.774940+00:00,0.513298,1,0.0050316005728899,0.02,False,0.0047505938242281,0.0,0.0
HDFCBANK,2026-09-29 05:45:00+00:00,2026-09-29T06:13:32.774940+00:00,0.521202,1,0.0046518184381166,0.02,False,0.005980440441849,1.0,1.0
INFY,2026-09-29 05:45:00+00:00,2026-09-29T06:13:32.774940+00:00,0.357923,0,0.0054893173984653,0.02,False,0.0042437102152166,0.0,1.0
ICICIBANK,2026-09-29 05:45:00+00:00,2026-09-29T06:13:32.774940+00:00,0.590666,1,0.0048933000406439,0.02,False,0.0058331414536801,1.0,1.0
RELIANCE,2026-09-29 06:00:00+00:00,2026-09-29T06:17:24.810291+00:00,0.5802,1,0.0050125313283208,0.01,False,0.0051952404893581,1.0,1.0
TCS,2026-09-29 06:00:00+00:00,2026-09-29T06:17:24.810291+00:00,0.639908,1,0.0050316005728899,0.01,False,0.0059958415937334,1.0,1.0
HDFCBANK,2026-09-29 06:00:00+00:00,2026-09-29T06:17:24.810291+00:00,0.621787,1,0.0046518184381166,0.01,False,0.0080735748385285,1.0,1.0
INFY,2026-09-29 06:00:00+00:00,2026-09-29T06:17:24.810291+00:00,0.338794,0,0.0054893173984653,0.01,False,0.005550509637703,1.0,0.0
ICICIBANK,2026-09-29 06:00:00+00:00,2026-09-29T06:17:24.810291+00:00,0.71839,1,0.0048933000406439,0.01,False,0.0075378817014075,1.0,1.0
RELIANCE,2026-09-29 06:15:00+00:00,2026-09-29T06:32:27.242355+00:00,0.470039,0,0.0050125313283208,0.01,False,0.0054416073670992,1.0,0.0
TCS,2026-09-29 06:15:00+00:00,2026-09-29T06:32:27.242355+00:00,0.559488,1,0.0050316005728899,0.01,False,0.0071590964059402,1.0,1.0
HDFCBANK,2026-09-29 06:15:00+00:00,2026-09-29T06:32:27.242355+00:00,0.480867,0,0.0046518184381166,0.01,False,0.0080611243516052,1.0,0.0
INFY,2026-09-29 06:15:00+00:00,2026-09-29T06:32:27.242355+00:00,0.338507,0,0.0054893173984653,0.01,False,0.0057564128458896,1.0,0.0
ICICIBANK,2026-09-29 06:15:00+00:00,2026-09-29T06:32:27.242355+00:00,0.64085,1,0.0048933000406439,0.01,False,0.0075309306078536,1.0,1.0
RELIANCE,2026-09-29 08:45:00+00:00,2026-09-29T09:14:29.657449+00:00,0.438891,0,0.0050125313283208,0.02,False,0.0086576447843993,1.0,0.0
TCS,2026-09-29 08:45:00+00:00,2026-09-29T09:14:29.657449+00:00,0.448918,0,0.0050316005728899,0.02,False,0.0075943165115139,1.0,0.0
HDFCBANK,2026-09-29 08:45:00+00:00,2026-09-29T09:14:29.657449+00:00,0.407609,0,0.0046518184381166,0.02,False,0.0135277213149226,1.0,0.0
INFY,2026-09-29 08:45:00+00:00,2026-09-29T09:14:29.657449+00:00,0.414376,0,0.0054893173984653,0.02,False,0.0333570629512864,1.0,0.0
ICICIBANK,2026-09-29 08:45:00+00:00,2026-09-29T09:14:29.657449+00:00,0.375989,0,0.0048933000406439,0.02,False,0.0060848802279903,1.0,0.0
RELIANCE,2026-09-29 09:00:00+00:00,2026-09-29T09:15:34.947306+00:00,0.435181,0,0.0050125313283208,0.01,False,,,
TCS,2026-09-29 09:00:00+00:00,2026-09-29T09:15:34.947306+00:00,0.475387,0,0.0050316005728899,0.01,False,,,
HDFCBANK,2026-09-29 09:00:00+00:00,2026-09-29T09:15:34.947306+00:00,0.399737,0,0.0046518184381166,0.01,False,,,
INFY,2026-09-29 09:00:00+00:00,2026-09-29T09:15:34.947306+00:00,0.384916,0,0.0054893173984653,0.01,False,,,
ICICIBANK,2026-09-29 09:00:00+00:00,2026-09-29T09:15:34.947306+00:00,0.369108,0,0.0048933000406439,0.01,False,,,
RELIANCE,2026-09-29 09:15:00+00:00,2026-09-29T09:33:22.427187+00:00,0.478657,0,0.0050125313283208,0.01,False,,,
TCS,2026-09-29 09:15:00+00:00,2026-09-29T09:33:22.427187+00:00,0.337231,0,0.0050316005728899,0.01,False,,,
HDFCBANK,2026-09-29 09:15:00+00:00,2026-09-29T09:33:22.427187+00:00,0.382363,0,0.0046518184381166,0.01,False,,,
INFY,2026-09-29 09:15:00+00:00,2026-09-29T09:33:22.427187+00:00,0.487145,0,0.0054893173984653,0.01,False,,,
ICICIBANK,2026-09-29 09:15:00+00:00,2026-09-29T09:33:22.427187+00:00,0.382325,0,0.0048933000406439,0.01,False,,,
RELIANCE,2026-09-29 09:30:00+00:00,2026-09-29T09:59:36.543667+00:00,0.558948,1,0.0050125313283208,0.02,False,,,
TCS,2026-09-29 09:30:00+00:00,2026-09-29T09:59:36.543667+00:00,0.536616,1,0.0050316005728899,0.02,False,,,
HDFCBANK,2026-09-29 09:30:00+00:00,2026-09-29T09:59:36.543667+00:00,0.554905,1,0.0046518184381166,0.02,False,,,
INFY,2026-09-29 09:30:00+00:00,2026-09-29T09:59:36.543667+00:00,0.6189,1,0.0054893173984653,0.02,False,,,
ICICIBANK,2026-09-29 09:30:00+00:00,2026-09-29T09:59:36.543667+00:00,0.402597,0,0.0048933000406439,0.02,False,,,
RELIANCE,2026-09-29 09:45:00+00:00,2026-09-29T10:14:40.647233+00:00,0.71181,1,0.0050125313283208,0.02,False,,,
TCS,2026-09-29 09:45:00+00:00,2026-09-29T10:14:40.647233+00:00,0.748348,1,0.0050316005728899,0.02,False,,,
HDFCBANK,2026-09-29 09:45:00+00:00,2026-09-29T10:14:40.647233+00:00,0.922185,1,0.0046518184381166,0.02,False,,,
INFY,2026-09-29 09:45:00+00:00,2026-09-29T10:14:40.647233+00:00,0.999588,1,0.0054893173984653,0.02,False,,,
ICICIBANK,2026-09-29 09:45:00+00:00,2026-09-29T10:14:40.647233+00:00,0.465968,0,0.0048933000406439,0.02,False,,,
RELIANCE,2026-09-30 05:00:00+00:00,2026-09-30T05:25:16.003017+00:00,0.444357,0,0.0050125313283208,0.02,False,0.00386003188722,0.0,1.0
TCS,2026-09-30 05:00:00+00:00,2026-09-30T05:25:16.003017+00:00,0.814399,1,0.0050316005728899,0.02,False,0.0137286681285156,1.0,1.0
HDFCBANK,2026-09-30 05:00:00+00:00,2026-09-30T05:25:16.003017+00:00,0.550257,1,0.0046518184381166,0.02,False,0.0082661996497372,1.0,1.0
INFY,2026-09-30 05:00:00+00:00,2026-09-30T05:25:16.003017+00:00,0.879228,1,0.0054893173984653,0.02,False,0.0088443396226415,1.0,1.0
ICICIBANK,2026-09-30 05:00:00+00:00,2026-09-30T05:25:16.003017+00:00,0.535334,1,0.0048933000406439,0.02,False,0.00841546626232,1.0,1.0
RELIANCE,2026-09-30 05:15:00+00:00,2026-09-30T05:32:59.035496+00:00,0.442792,0,0.0050125313283208,0.01,False,0.0051325199831721,1.0,0.0
TCS,2026-09-30 05:15:00+00:00,2026-09-30T05:32:59.035496+00:00,0.920911,1,0.0050316005728899,0.01,False,0.0098711006756432,1.0,1.0
HDFCBANK,2026-09-30 05:15:00+00:00,2026-09-30T05:32:59.035496+00:00,0.494424,0,0.0046518184381166,0.01,False,0.0081380665076469,1.0,0.0
INFY,2026-09-30 05:15:00+00:00,2026-09-30T05:32:59.035496+00:00,0.770466,1,0.0054893173984653,0.01,False,0.0081789515175403,1.0,1.0
ICICIBANK,2026-09-30 05:15:00+00:00,2026-09-30T05:32:59.035496+00:00,0.474551,0,0.0048933000406439,0.01,False,0.007193699833409,1.0,0.0
RELIANCE,2026-09-30 05:30:00+00:00,2026-09-30T05:52:00.133380+00:00,0.401999,0,0.0050125313283208,0.02,False,0.0061390967958962,1.0,0.0
TCS,2026-09-30 05:30:00+00:00,2026-09-30T05:52:00.133380+00:00,0.928208,1,0.0050316005728899,0.02,False,0.0034258142340168,0.0,0.0
HDFCBANK,2026-09-30 05:30:00+00:00,2026-09-30T05:52:00.133380+00:00,0.639602,1,0.0046518184381166,0.02,False,0.007216928251121,1.0,1.0
INFY,2026-09-30 05:30:00+00:00,2026-09-30T05:52:00.133380+00:00,0.821974,1,0.0054893173984653,0.02,False,0.0052412974683544,0.0,0.0
ICICIBANK,2026-09-30 05:30:00+00:00,2026-09-30T05:52:00.133380+00:00,0.53177,1,0.0048933000406439,0.02,False,0.0063410583528346,1.0,1.0
RELIANCE,2026-09-30 05:45:00+00:00,2026-09-30T06:03:06.005747+00:00,0.545754,1,0.0050125313283208,0.01,False,0.0048674051695201,0.0,0.0
TCS,2026-09-30 05:45:00+00:00,2026-09-30T06:03:06.005747+00:00,0.730296,1,0.0050316005728899,0.01,False,0.0038136615978759,0.0,0.0
HDFCBANK,2026-09-30 05:45:00+00:00,2026-09-30T06:03:06.005747+00:00,0.74238,1,0.0046518184381166,0.01,False,0.006282722513089,1.0,1.0
INFY,2026-09-30 05:45:00+00:00,2026-09-30T06:03:06.005747+00:00,0.600532,1,0.0054893173984653,0.01,False,0.0060431939766197,1.0,1.0
ICICIBANK,2026-09-30 05:45:00+00:00,2026-09-30T06:03:06.005747+00:00,0.477096,0,0.0048933000406439,0.01,False,0.005204012368957,1.0,0.0
RELIANCE,2026-09-30 06:00:00+00:00,2026-09-30T06:19:20.667654+00:00,0.42147,0,0.0050125313283208,0.01,False,0.0048657718120806,0.0,1.0
TCS,2026-09-30 06:00:00+00:00,2026-09-30T06:19:20.667654+00:00,0.589283,1,0.0050316005728899,0.01,False,0.0038153192311407,0.0,0.0
HDFCBANK,2026-09-30 06:00:00+00:00,2026-09-30T06:19:20.667654+00:00,0.635221,1,0.0046518184381166,0.01,False,0.0066262118992815,1.0,1.0
INFY,2026-09-30 06:00:00+00:00,2026-09-30T06:19:20.667654+00:00,0.535455,1,0.0054893173984653,0.01,False,0.006436918201624,1.0,1.0
ICICIBANK,2026-09-30 06:00:00+00:00,2026-09-30T06:19:20.667654+00:00,0.590425,1,0.0048933000406439,0.01,False,0.0057951381049144,1.0,1.0
RELIANCE,2026-09-30 06:15:00+00:00,2026-09-30T06:40:46.807261+00:00,0.393634,0,0.0050125313283208,0.02,False,0.0048621007628469,0.0,1.0
TCS,2026-09-30 06:15:00+00:00,2026-09-30T06:40:46.807261+00:00,0.555221,1,0.0050316005728899,0.02,False,0.0038173471853105,0.0,0.0
HDFCBANK,2026-09-30 06:15:00+00:00,2026-09-30T06:40:46.807261+00:00,0.49279,0,0.0046518184381166,0.02,False,0.0071129707112969,1.0,0.0
INFY,2026-09-30 06:15:00+00:00,2026-09-30T06:40:46.807261+00:00,0.413814,0,0.0054893173984653,0.02,False,0.0056407718951013,1.0,0.0
ICICIBANK,2026-09-30 06:15:00+00:00,2026-09-30T06:40:46.807261+00:00,0.457503,0,0.0048933000406439,0.02,False,0.0079759217456733,1.0,0.0
RELIANCE,2026-09-30 06:30:00+00:00,2026-09-30T06:55:54.127688+00:00,0.565515,1,0.0050125313283208,0.02,False,0.0043668122270742,0.0,0.0
TCS,2026-09-30 06:30:00+00:00,2026-09-30T06:55:54.127688+00:00,0.476091,0,0.0050316005728899,0.02,False,0.0034284610555798,0.0,1.0
HDFCBANK,2026-09-30 06:30:00+00:00,2026-09-30T06:55:54.127688+00:00,0.595782,1,0.0046518184381166,0.02,False,0.007124397569323,1.0,1.0
INFY,2026-09-30 06:30:00+00:00,2026-09-30T06:55:54.127688+00:00,0.509769,1,0.0054893173984653,0.02,False,0.0067480400912969,1.0,1.0
ICICIBANK,2026-09-30 06:30:00+00:00,2026-09-30T06:55:54.127688+00:00,0.452172,0,0.0048933000406439,0.02,False,0.0079759217456733,1.0,0.0
RELIANCE,2026-09-30 06:45:00+00:00,2026-09-30T07:02:11.312010+00:00,0.470703,0,0.0050125313283208,0.01,False,0.0027686886483765,0.0,1.0
TCS,2026-09-30 06:45:00+00:00,2026-09-30T07:02:11.312010+00:00,0.361117,0,0.0050316005728899,0.01,False,0.0032861354081091,0.0,1.0
HDFCBANK,2026-09-30 06:45:00+00:00,2026-09-30T07:02:11.312010+00:00,0.805616,1,0.0046518184381166,0.01,False,0.0045223683295067,0.0,0.0
INFY,2026-09-30 06:45:00+00:00,2026-09-30T07:02:11.312010+00:00,0.409129,0,0.0054893173984653,0.01,False,0.007257182622527,1.0,0.0
ICICIBANK,2026-09-30 06:45:00+00:00,2026-09-30T07:02:11.312010+00:00,0.545493,1,0.0048933000406439,0.01,False,0.0057151451346066,1.0,1.0
RELIANCE,2026-09-30 07:00:00+00:00,2026-09-30T07:15:09.406135+00:00,0.347175,0,0.0050125313283208,0.01,False,0.0040265078433016,0.0,1.0
TCS,2026-09-30 07:00:00+00:00,2026-09-30T07:15:09.406135+00:00,0.362239,0,0.0050316005728899,0.01,False,0.0045388701110575,0.0,1.0
HDFCBANK,2026-09-30 07:00:00+00:00,2026-09-30T07:15:09.406135+00:00,0.481976,0,0.0046518184381166,0.01,False,0.0057755201447358,1.0,0.0
INFY,2026-09-30 07:00:00+00:00,2026-09-30T07:15:09.406135+00:00,0.37322,0,0.0054893173984653,0.01,False,0.0078466428287643,1.0,0.0
ICICIBANK,2026-09-30 07:00:00+00:00,2026-09-30T07:15:09.406135+00:00,0.542485,1,0.0048933000406439,0.01,False,0.0065241844769404,1.0,1.0
RELIANCE,2026-09-30 09:00:00+00:00,2026-09-30T09:25:48.253688+00:00,0.536538,1,0.0050125313283208,0.02,False,,,
TCS,2026-09-30 09:00:00+00:00,2026-09-30T09:25:48.253688+00:00,0.393094,0,0.0050316005728899,0.02,False,,,
HDFCBANK,2026-09-30 09:00:00+00:00,2026-09-30T09:25:48.253688+00:00,0.759228,1,0.0046518184381166,0.02,False,,,
INFY,2026-09-30 09:00:00+00:00,2026-09-30T09:25:48.253688+00:00,0.425774,0,0.0054893173984653,0.02,False,,,
ICICIBANK,2026-09-30 09:00:00+00:00,2026-09-30T09:25:48.253688+00:00,0.361894,0,0.0048933000406439,0.02,False,,,
RELIANCE,2026-10-01 05:45:00+00:00,2026-10-01T06:12:10.257704+00:00,0.417082,0,0.0050125313283208,0.02,False,0.0056982480013608,1.0,0.0
TCS,2026-10-01 05:45:00+00:00,2026-10-01T06:12:10.257704+00:00,0.581318,1,0.0050316005728899,0.02,False,0.0088674698795181,1.0,1.0
HDFCBANK,2026-10-01 05:45:00+00:00,2026-10-01T06:12:10.257704+00:00,0.482072,0,0.0046518184381166,0.02,False,0.006058495821727,1.0,0.0
INFY,2026-10-01 05:45:00+00:00,2026-10-01T06:12:10.257704+00:00,0.75211,1,0.0054893173984653,0.02,False,0.0093181482029286,1.0,1.0
ICICIBANK,2026-10-01 05:45:00+00:00,2026-10-01T06:12:10.257704+00:00,0.351617,0,0.0048933000406439,0.02,False,0.0053657799274485,1.0,0.0
RELIANCE,2026-10-01 06:00:00+00:00,2026-10-01T06:17:46.039830+00:00,0.422213,0,0.0050125313283208,0.01,False,0.0056997022543598,1.0,0.0
TCS,2026-10-01 06:00:00+00:00,2026-10-01T06:17:46.039830+00:00,0.410668,0,0.0050316005728899,0.01,False,0.0089664481295795,1.0,0.0
HDFCBANK,2026-10-01 06:00:00+00:00,2026-10-01T06:17:46.039830+00:00,0.519853,1,0.0046518184381166,0.01,False,0.006053437239076,1.0,1.0
INFY,2026-10-01 06:00:00+00:00,2026-10-01T06:17:46.039830+00:00,0.566694,1,0.0054893173984653,0.01,False,0.0088853786158554,1.0,1.0
ICICIBANK,2026-10-01 06:00:00+00:00,2026-10-01T06:17:46.039830+00:00,0.570153,1,0.0048933000406439,0.01,False,0.0056475903614457,1.0,1.0
RELIANCE,2026-10-01 06:15:00+00:00,2026-10-01T06:32:08.627113+00:00,0.358452,0,0.0050125313283208,0.01,False,0.0091914893617022,1.0,0.0
TCS,2026-10-01 06:15:00+00:00,2026-10-01T06:32:08.627113+00:00,0.504073,1,0.0050316005728899,0.01,False,0.0119858875839736,1.0,1.0
HDFCBANK,2026-10-01 06:15:00+00:00,2026-10-01T06:32:08.627113+00:00,0.483612,0,0.0046518184381166,0.01,False,0.0073687869308306,1.0,0.0
INFY,2026-10-01 06:15:00+00:00,2026-10-01T06:32:08.627113+00:00,0.56925,1,0.0054893173984653,0.01,False,0.0131390466781921,1.0,1.0
ICICIBANK,2026-10-01 06:15:00+00:00,2026-10-01T06:32:08.627113+00:00,0.389645,0,0.0048933000406439,0.01,False,0.0127316558686154,1.0,0.0
RELIANCE,2026-10-01 06:30:00+00:00,2026-10-01T06:53:26.678182+00:00,0.403948,0,0.0050125313283208,0.02,False,0.0084197992855928,1.0,0.0
TCS,2026-10-01 06:30:00+00:00,2026-10-01T06:53:26.678182+00:00,0.514011,1,0.0050316005728899,0.02,False,0.0101191052580613,1.0,1.0
HDFCBANK,2026-10-01 06:30:00+00:00,2026-10-01T06:53:26.678182+00:00,0.515231,1,0.0046518184381166,0.02,False,0.0065486972272536,1.0,1.0
INFY,2026-10-01 06:30:00+00:00,2026-10-01T06:53:26.678182+00:00,0.485212,0,0.0054893173984653,0.02,False,0.0122705457424174,1.0,0.0
ICICIBANK,2026-10-01 06:30:00+00:00,2026-10-01T06:53:26.678182+00:00,0.511335,1,0.0048933000406439,0.02,False,0.0110238598610692,1.0,1.0
RELIANCE,2026-10-01 06:45:00+00:00,2026-10-01T07:08:32.219365+00:00,0.561212,1,0.0050125313283208,0.02,False,0.0061449176410344,1.0,1.0
TCS,2026-10-01 06:45:00+00:00,2026-10-01T07:08:32.219365+00:00,0.562232,1,0.0050316005728899,0.02,False,0.0083503252742984,1.0,1.0
HDFCBANK,2026-10-01 06:45:00+00:00,2026-10-01T07:08:32.219365+00:00,0.64308,1,0.0046518184381166,0.02,False,0.006565162732225,1.0,1.0
INFY,2026-10-01 06:45:00+00:00,2026-10-01T07:08:32.219365+00:00,0.667106,1,0.0054893173984653,0.02,False,0.0089839678364025,1.0,1.0
ICICIBANK,2026-10-01 06:45:00+00:00,2026-10-01T07:08:32.219365+00:00,0.47574,0,0.0048933000406439,0.02,False,0.0106584019956157,1.0,0.0
RELIANCE,2026-10-01 07:00:00+00:00,2026-10-01T07:20:48.437560+00:00,0.397236,0,0.0050125313283208,0.01,False,0.005801552768535,1.0,0.0
TCS,2026-10-01 07:00:00+00:00,2026-10-01T07:20:48.437560+00:00,0.495154,0,0.0050316005728899,0.01,False,0.0060768108896451,1.0,0.0
HDFCBANK,2026-10-01 07:00:00+00:00,2026-10-01T07:20:48.437560+00:00,0.722282,1,0.0046518184381166,0.01,False,0.005785584832009,1.0,1.0
INFY,2026-10-01 07:00:00+00:00,2026-10-01T07:20:48.437560+00:00,0.534036,1,0.0054893173984653,0.01,False,0.0070717131474103,1.0,1.0
ICICIBANK,2026-10-01 07:00:00+00:00,2026-10-01T07:20:48.437560+00:00,0.494907,0,0.0048933000406439,0.01,False,0.0085508891411274,1.0,0.0
RELIANCE,2026-10-01 07:15:00+00:00,2026-10-01T07:31:16.242956+00:00,0.588508,1,0.0050125313283208,0.01,False,0.0071887034659819,1.0,1.0
TCS,2026-10-01 07:15:00+00:00,2026-10-01T07:31:16.242956+00:00,0.732042,1,0.0050316005728899,0.01,False,0.0047877277834775,0.0,0.0
HDFCBANK,2026-10-01 07:15:00+00:00,2026-10-01T07:31:16.242956+00:00,0.74506,1,0.0046518184381166,0.01,False,0.0072686608890132,1.0,1.0
INFY,2026-10-01 07:15:00+00:00,2026-10-01T07:31:16.242956+00:00,0.651086,1,0.0054893173984653,0.01,False,0.0073518379594898,1.0,1.0
ICICIBANK,2026-10-01 07:15:00+00:00,2026-10-01T07:31:16.242956+00:00,0.850495,1,0.0048933000406439,0.01,False,0.0038916444105304,0.0,0.0
RELIANCE,2026-10-01 08:15:00+00:00,2026-10-01T08:43:11.811800+00:00,0.631789,1,0.0050125313283208,0.02,False,0.0073940331871723,1.0,1.0
TCS,2026-10-01 08:15:00+00:00,2026-10-01T08:43:11.811800+00:00,0.513283,1,0.0050316005728899,0.02,False,0.0166031839046781,1.0,1.0
HDFCBANK,2026-10-01 08:15:00+00:00,2026-10-01T08:43:11.811800+00:00,0.656362,1,0.0046518184381166,0.02,False,0.0129005118137839,1.0,1.0
INFY,2026-10-01 08:15:00+00:00,2026-10-01T08:43:11.811800+00:00,0.549808,1,0.0054893173984653,0.02,False,0.0219681908548709,1.0,1.0
ICICIBANK,2026-10-01 08:15:00+00:00,2026-10-01T08:43:11.811800+00:00,0.506626,1,0.0048933000406439,0.02,False,0.005947842000915,1.0,1.0
RELIANCE,2026-10-01 08:30:00+00:00,2026-10-01T08:47:49.848119+00:00,0.686054,1,0.0050125313283208,0.01,False,0.0084055236298138,1.0,1.0
TCS,2026-10-01 08:30:00+00:00,2026-10-01T08:47:49.848119+00:00,0.728448,1,0.0050316005728899,0.01,False,0.0129863813229571,1.0,1.0
HDFCBANK,2026-10-01 08:30:00+00:00,2026-10-01T08:47:49.848119+00:00,0.768852,1,0.0046518184381166,0.01,False,0.0115433048831677,1.0,1.0
INFY,2026-10-01 08:30:00+00:00,2026-10-01T08:47:49.848119+00:00,0.714257,1,0.0054893173984653,0.01,False,0.0237034837688044,1.0,1.0
ICICIBANK,2026-10-01 08:30:00+00:00,2026-10-01T08:47:49.848119+00:00,0.555113,1,0.0048933000406439,0.01,False,0.0076196281621456,1.0,1.0
RELIANCE,2026-10-01 08:45:00+00:00,2026-10-01T09:12:35.116008+00:00,0.614099,1,0.0050125313283208,0.02,False,0.006341588825092,1.0,1.0
TCS,2026-10-01 08:45:00+00:00,2026-10-01T09:12:35.116008+00:00,0.560627,1,0.0050316005728899,0.02,False,0.0105447300646289,1.0,1.0
HDFCBANK,2026-10-01 08:45:00+00:00,2026-10-01T09:12:35.116008+00:00,0.71286,1,0.0046518184381166,0.02,False,0.0086701160676827,1.0,1.0
INFY,2026-10-01 08:45:00+00:00,2026-10-01T09:12:35.116008+00:00,0.707056,1,0.0054893173984653,0.02,False,0.0256105414375588,1.0,1.0
ICICIBANK,2026-10-01 08:45:00+00:00,2026-10-01T09:12:35.116008+00:00,0.468995,0,0.0048933000406439,0.02,False,0.0076219512195121,1.0,0.0
RELIANCE,2026-10-01 09:00:00+00:00,2026-10-01T09:17:37.788596+00:00,0.598076,1,0.0050125313283208,0.01,False,,,
TCS,2026-10-01 09:00:00+00:00,2026-10-01T09:17:37.788596+00:00,0.898239,1,0.0050316005728899,0.01,False,,,
HDFCBANK,2026-10-01 09:00:00+00:00,2026-10-01T09:17:37.788596+00:00,0.751284,1,0.0046518184381166,0.01,False,,,
INFY,2026-10-01 09:00:00+00:00,2026-10-01T09:17:37.788596+00:00,0.993459,1,0.0054893173984653,0.01,False,,,
ICICIBANK,2026-10-01 09:00:00+00:00,2026-10-01T09:17:37.788596+00:00,0.733022,1,0.0048933000406439,0.01,False,,,
RELIANCE,2026-10-01 09:15:00+00:00,2026-10-01T09:31:58.123418+00:00,0.463667,0,0.0050125313283208,0.01,False,,,
TCS,2026-10-01 09:15:00+00:00,2026-10-01T09:31:58.123418+00:00,0.721359,1,0.0050316005728899,0.01,False,,,
HDFCBANK,2026-10-01 09:15:00+00:00,2026-10-01T09:31:58.123418+00:00,0.815465,1,0.0046518184381166,0.01,False,,,
INFY,2026-10-01 09:15:00+00:00,2026-10-01T09:31:58.123418+00:00,0.859631,1,0.0054893173984653,0.01,False,,,
ICICIBANK,2026-10-01 09:15:00+00:00,2026-10-01T09:31:58.123418+00:00,0.695969,1,0.0048933000406439,0.01,False,,,
RELIANCE,2026-10-01 09:30:00+00:00,2026-10-01T09:57:56.514162+00:00,0.774751,1,0.0050125313283208,0.02,False,,,
TCS,2026-10-01 09:30:00+00:00,2026-10-01T09:57:56.514162+00:00,0.733852,1,0.0050316005728899,0.02,False,,,
HDFCBANK,2026-10-01 09:30:00+00:00,2026-10-01T09:57:56.514162+00:00,0.727518,1,0.0046518184381166,0.02,False,,,
INFY,2026-10-01 09:30:00+00:00,2026-10-01T09:57:56.514162+00:00,0.953177,1,0.0054893173984653,0.02,False,,,
ICICIBANK,2026-10-01 09:30:00+00:00,2026-10-01T09:57:56.514162+00:00,0.743454,1,0.0048933000406439,0.02,False,,,
RELIANCE,2026-10-01 09:45:00+00:00,2026-10-01T10:12:58.674589+00:00,0.479723,0,0.0050125313283208,0.02,False,,,
TCS,2026-10-01 09:45:00+00:00,2026-10-01T10:12:58.674589+00:00,0.43922,0,0.0050316005728899,0.02,False,,,
HDFCBANK,2026-10-01 09:45:00+00:00,2026-10-01T10:12:58.674589+00:00,0.360682,0,0.0046518184381166,0.02,False,,,
INFY,2026-10-01 09:45:00+00:00,2026-10-01T10:12:58.674589+00:00,0.938966,1,0.0054893173984653,0.02,False,,,
ICICIBANK,2026-10-01 09:45:00+00:00,2026-10-01T10:12:58.674589+00:00,0.811902,1,0.0048933000406439,0.02,False,,,
RELIANCE,2026-10-05 06:30:00+00:00,2026-10-05T06:58:40.270368+00:00,0.529286,1,0.0050125313283208,0.02,False,0.0088337721906057,1.0,1.0
TCS,2026-10-05 06:30:00+00:00,2026-10-05T06:58:40.270368+00:00,0.58456,1,0.0050316005728899,0.02,False,0.0081599541897308,1.0,1.0
HDFCBANK,2026-10-05 06:30:00+00:00,2026-10-05T06:58:40.270368+00:00,0.707556,1,0.0046518184381166,0.02,False,0.0126122274476272,1.0,1.0
INFY,2026-10-05 06:30:00+00:00,2026-10-05T06:58:40.270368+00:00,0.637444,1,0.0054893173984653,0.02,False,0.0063662833736367,1.0,1.0
ICICIBANK,2026-10-05 06:30:00+00:00,2026-10-05T06:58:40.270368+00:00,0.69653,1,0.0048933000406439,0.02,False,0.004641253899414,0.0,0.0
RELIANCE,2026-10-06 04:00:00+00:00,2026-10-06T04:28:19.236293+00:00,0.814797,1,0.0050125313283208,0.02,False,0.0080975039652725,1.0,1.0
TCS,2026-10-06 04:00:00+00:00,2026-10-06T04:28:19.236293+00:00,0.87182,1,0.0050316005728899,0.02,False,0.0058317399617589,1.0,1.0
HDFCBANK,2026-10-06 04:00:00+00:00,2026-10-06T04:28:19.236293+00:00,0.486231,0,0.0046518184381166,0.02,False,0.0060168471720818,1.0,0.0
INFY,2026-10-06 04:00:00+00:00,2026-10-06T04:28:19.236293+00:00,0.458732,0,0.0054893173984653,0.02,False,0.0070746549250482,1.0,0.0
ICICIBANK,2026-10-06 04:00:00+00:00,2026-10-06T04:28:19.236293+00:00,0.356587,0,0.0048933000406439,0.02,False,0.003908011423418,0.0,1.0
RELIANCE,2026-10-06 04:15:00+00:00,2026-10-06T04:30:59.892967+00:00,0.772594,1,0.0050125313283208,0.01,False,0.0086464915197872,1.0,1.0
TCS,2026-10-06 04:15:00+00:00,2026-10-06T04:30:59.892967+00:00,0.915476,1,0.0050316005728899,0.01,False,0.0059484153421528,1.0,1.0
HDFCBANK,2026-10-06 04:15:00+00:00,2026-10-06T04:30:59.892967+00:00,0.53678,1,0.0046518184381166,0.01,False,0.0042354934349851,0.0,0.0
INFY,2026-10-06 04:15:00+00:00,2026-10-06T04:30:59.892967+00:00,0.598518,1,0.0054893173984653,0.01,False,0.0056770499086735,1.0,1.0
ICICIBANK,2026-10-06 04:15:00+00:00,2026-10-06T04:30:59.892967+00:00,0.493186,0,0.0048933000406439,0.01,False,0.0041257220013502,0.0,1.0
RELIANCE,2026-10-06 06:00:00+00:00,2026-10-06T06:24:13.959701+00:00,0.572807,1,0.0050125313283208,0.02,False,0.0055044364114361,1.0,1.0
TCS,2026-10-06 06:00:00+00:00,2026-10-06T06:24:13.959701+00:00,0.363149,0,0.0050316005728899,0.02,False,0.0067248533409643,1.0,0.0
HDFCBANK,2026-10-06 06:00:00+00:00,2026-10-06T06:24:13.959701+00:00,0.358749,0,0.0046518184381166,0.02,False,0.0066131982552413,1.0,0.0
INFY,2026-10-06 06:00:00+00:00,2026-10-06T06:24:13.959701+00:00,0.245562,0,0.0054893173984653,0.02,False,0.0048562933597621,0.0,1.0
ICICIBANK,2026-10-06 06:00:00+00:00,2026-10-06T06:24:13.959701+00:00,0.306515,0,0.0048933000406439,0.02,False,0.0058558558558558,1.0,0.0
RELIANCE,2026-10-06 06:15:00+00:00,2026-10-06T06:31:19.803375+00:00,0.513022,1,0.0050125313283208,0.01,False,0.0055053410024651,1.0,1.0
TCS,2026-10-06 06:15:00+00:00,2026-10-06T06:31:19.803375+00:00,0.411985,0,0.0050316005728899,0.01,False,0.0055420190148583,1.0,0.0
HDFCBANK,2026-10-06 06:15:00+00:00,2026-10-06T06:31:19.803375+00:00,0.323488,0,0.0046518184381166,0.01,False,0.0066164566762864,1.0,0.0
INFY,2026-10-06 06:15:00+00:00,2026-10-06T06:31:19.803375+00:00,0.307944,0,0.0054893173984653,0.01,False,0.004563492063492,0.0,1.0
ICICIBANK,2026-10-06 06:15:00+00:00,2026-10-06T06:31:19.803375+00:00,0.422974,0,0.0048933000406439,0.01,False,0.0047922126544364,0.0,1.0
RELIANCE,2026-10-06 07:15:00+00:00,2026-10-06T07:40:30.197632+00:00,0.413729,0,0.0050125313283208,0.02,False,,,
TCS,2026-10-06 07:15:00+00:00,2026-10-06T07:40:30.197632+00:00,0.48563,0,0.0050316005728899,0.02,False,,,
HDFCBANK,2026-10-06 07:15:00+00:00,2026-10-06T07:40:30.197632+00:00,0.507613,1,0.0046518184381166,0.02,False,,,
INFY,2026-10-06 07:15:00+00:00,2026-10-06T07:40:30.197632+00:00,0.324301,0,0.0054893173984653,0.02,False,,,
ICICIBANK,2026-10-06 07:15:00+00:00,2026-10-06T07:40:30.197632+00:00,0.283865,0,0.0048933000406439,0.02,False,,,
RELIANCE,2026-10-06 07:30:00+00:00,2026-10-06T07:58:33.361141+00:00,0.430219,0,0.0050125313283208,0.02,False,,,
TCS,2026-10-06 07:30:00+00:00,2026-10-06T07:58:33.361141+00:00,0.392068,0,0.0050316005728899,0.02,False,,,
HDFCBANK,2026-10-06 07:30:00+00:00,2026-10-06T07:58:33.361141+00:00,0.493131,0,0.0046518184381166,0.02,False,,,
INFY,2026-10-06 07:30:00+00:00,2026-10-06T07:58:33.361141+00:00,0.267755,0,0.0054893173984653,0.02,False,,,
ICICIBANK,2026-10-06 07:30:00+00:00,2026-10-06T07:58:33.361141+00:00,0.278501,0,0.0048933000406439,0.02,False,,,
RELIANCE,2026-10-06 07:45:00+00:00,2026-10-06T08:07:20.187595+00:00,0.629047,1,0.0050125313283208,0.02,False,,,
TCS,2026-10-06 07:45:00+00:00,2026-10-06T08:07:20.187595+00:00,0.318615,0,0.0050316005728899,0.02,False,,,
HDFCBANK,2026-10-06 07:45:00+00:00,2026-10-06T08:07:20.187595+00:00,0.471507,0,0.0046518184381166,0.02,False,,,
INFY,2026-10-06 07:45:00+00:00,2026-10-06T08:07:20.187595+00:00,0.199983,0,0.0054893173984653,0.02,False,,,
ICICIBANK,2026-10-06 07:45:00+00:00,2026-10-06T08:07:20.187595+00:00,0.184172,0,0.0048933000406439,0.02,False,,,
RELIANCE,2026-10-06T08:00:00+00:00,2026-10-06T08:18:34.654834+00:00,0.512737,1,0.005012531328320802,0.01,False,,,
TCS,2026-10-06T08:00:00+00:00,2026-10-06T08:18:34.654834+00:00,0.293132,0,0.005031600572889946,0.01,False,,,
HDFCBANK,2026-10-06T08:00:00+00:00,2026-10-06T08:18:34.654834+00:00,0.501733,1,0.004651818438116654,0.01,False,,,
INFY,2026-10-06T08:00:00+00:00,2026-10-06T08:18:34.654834+00:00,0.196243,0,0.005489317398465308,0.01,False,,,
ICICIBANK,2026-10-06T08:00:00+00:00,2026-10-06T08:18:34.654834+00:00,0.202467,0,0.004893300040643983,0.01,False,,,
